INSERT INTO PUBLIC.USER (USER_ID, LOGIN, NAME, PASSWORD, EMAIL) VALUES (1, 'admin', 'John', '12345', 'mail@mail.com');
INSERT INTO PUBLIC.USER (USER_ID, LOGIN, NAME, PASSWORD, EMAIL) VALUES (2, 'user', 'Вася', '1234', 'mail@mail.com');
INSERT INTO PUBLIC.USER (USER_ID, LOGIN, NAME, PASSWORD, EMAIL) VALUES (3, 'user2', 'Вова', '1234', 'mail@mail.com');

INSERT INTO PUBLIC.AD (AD_ID, SUBJECT, BODY, USER_ID, LAST_MODIFIED) VALUES (1, 'Ковер', 'Продам ковер немного бу. Тел для связь 555-55-55', 2, '2015-06-03 22:42:08.100000000');
INSERT INTO PUBLIC.AD (AD_ID, SUBJECT, BODY, USER_ID, LAST_MODIFIED) VALUES (2, 'Тв', 'Тв самсунг недорого. Тел для связь 333-33-33', 3, '2015-06-03 22:42:43.555000000');
INSERT INTO PUBLIC.AD (AD_ID, SUBJECT, BODY, USER_ID, LAST_MODIFIED) VALUES (3, 'Телефон', 'Телефон с камерой. Тел для связь 222-22-22', 1, '2015-06-03 22:43:43.000000000');
INSERT INTO PUBLIC.AD (AD_ID, SUBJECT, BODY, USER_ID, LAST_MODIFIED) VALUES (4, 'Бубен', 'Громкий. Тел для связь 555-55-55', 2, '2015-06-03 22:48:29.415000000');

INSERT INTO PUBLIC.COMMENT (COMMENT_ID, USER_ID, AD_ID, TEXT, IS_NEW, DATE) VALUES (1, 1, 1, 'Цвет какой?', TRUE, '2015-05-03 22:48:29.415000000');
INSERT INTO PUBLIC.COMMENT (COMMENT_ID, USER_ID, AD_ID, TEXT, IS_NEW, DATE) VALUES (2, 2, 1, 'Красный!', TRUE, '2015-06-03 22:48:29.415000000');

INSERT INTO PUBLIC.COMMENT (COMMENT_ID, USER_ID, AD_ID, TEXT, IS_NEW, DATE) VALUES (3, 2, 2, 'Сколько дюймов?', TRUE, '2015-03-03 22:48:29.415000000');
INSERT INTO PUBLIC.COMMENT (COMMENT_ID, USER_ID, AD_ID, TEXT, IS_NEW, DATE) VALUES (4, 3, 2, '55!', TRUE, '2015-04-03 22:48:29.415000000');

INSERT INTO PUBLIC.COMMENT (COMMENT_ID, USER_ID, AD_ID, TEXT, IS_NEW, DATE) VALUES (5, 2, 3, 'Очень нужен телефон, скоро с вами свяжусь!', TRUE, '2015-04-03 22:48:29.415000000');

INSERT INTO PUBLIC.COMMENT (COMMENT_ID, USER_ID, AD_ID, TEXT, IS_NEW, DATE) VALUES (6, 3, 4, 'Дайте два!', TRUE, '2015-04-03 22:48:29.415000000');

INSERT INTO PUBLIC.GROUP_MEMBERS (GROUP_ID, LOGIN) VALUES (1, 'admin');
INSERT INTO PUBLIC.GROUPS (ID, NAME, AUTHORITY) VALUES (1, 'ADMIN', 'ROLE_ADMIN');

